TIME,LATITUDE,LONGITUDE E/W,GYRO_X,GYRO_Y
31.34083333,-37.766,144.969236E,1.8,1.8
31.34166667,-37.766,144.969230E,1.75,1.75
31.34194444,-37.766,144.969234E,1.75,1.75
31.34222222,-37.766,144.969236E,1.75,1.75
31.34333333,-37.766,144.969234E,1.7,1.7
31.34361111,-37.766,144.969238E,1.7,1.7
31.34416667,-37.766,144.969241E,1.7,1.7
31.34444444,-37.766,144.969245E,1.7,1.7
31.34472222,-37.766,144.969249E,1.7,1.7
31.345,-37.766,144.969253E,1.7,1.7
31.34527778,-37.766,144.969256E,1.7,1.7
31.34555556,-37.766,144.969256E,1.7,1.7
31.34583333,-37.766,144.969260E,1.7,1.7
31.34611111,-37.766,144.969266E,1.7,1.7
31.34638889,-37.766,144.969266E,1.7,1.7
31.34666667,-37.766,144.969269E,1.7,1.7
31.34694444,-37.766,144.969271E,1.7,1.7
31.34722222,-37.766,144.969276E,1.7,1.7
31.3475,-37.766,144.969284E,1.7,1.7
31.34777778,-37.766,144.969296E,1.7,1.7
31.34805556,-37.766,144.969305E,1.7,1.7
31.34833333,-37.766,144.969314E,1.7,1.7
31.34861111,-37.766,144.969326E,1.7,1.7
31.34888889,-37.766,144.969338E,1.7,1.7
31.34916667,-37.766,144.969350E,1.7,1.7
31.34944444,-37.766,144.969365E,1.7,1.7
31.34972222,-37.766,144.969378E,1.7,1.7
31.36111111,-37.766,144.969393E,1.7,1.7
31.36138889,-37.766,144.969408E,1.7,1.7
31.36166667,-37.766,144.969423E,1.7,1.7
31.36194444,-37.766,144.969436E,1.7,1.7
31.36222222,-37.766,144.969448E,1.7,1.7
31.3625,-37.766,144.969461E,1.7,1.7
31.36277778,-37.766,144.969471E,1.7,1.7
31.36305556,-37.766,144.969485E,1.7,1.7
31.36333333,-37.766,144.969496E,1.7,1.7
31.36361111,-37.766,144.969504E,1.7,1.7
31.36388889,-37.766,144.969515E,1.7,1.7
31.36416667,-37.766,144.969530E,1.7,1.7
31.36444444,-37.766,144.969539E,1.7,1.7
31.36472222,-37.766,144.969545E,1.75,1.75
31.365,-37.766,144.969549E,1.7,1.7
31.36527778,-37.766,144.969556E,1.7,1.7
31.36555556,-37.766,144.969561E,1.7,1.7
31.36583333,-37.766,144.969565E,1.7,1.7
31.36611111,-37.766,144.969568E,1.75,1.75
31.36638889,-37.766,144.969571E,1.7,1.7
31.36666667,-37.766,144.969573E,1.7,1.7
31.36694444,-37.766,144.969575E,1.7,1.7
31.36722222,-37.766,144.969575E,1.7,1.7
31.3675,-37.766,144.969576E,1.7,1.7
31.36777778,-37.766,144.969580E,1.7,1.7
31.36805556,-37.766,144.969583E,1.7,1.7
31.36833333,-37.766,144.969584E,1.7,1.7
31.36861111,-37.766,144.969603E,1.7,1.7
31.36888889,-37.766,144.969605E,2.4,2.4
31.36916667,-37.766,144.969603E,2.9,2.9
31.36944444,-37.766,144.969608E,2.4,2.4
31.37,-37.765,144.969613E,2.9,2.9
31.37055556,-37.765,144.969623E,2.4,2.4
31.37083333,-37.765,144.969631E,2.4,2.4
31.37111111,-37.765,144.969638E,2.4,2.4
31.37138889,-37.765,144.969643E,1.7,1.7
31.37166667,-37.765,144.969648E,1.7,1.7
31.37194444,-37.765,144.969649E,2.4,2.4
31.37222222,-37.765,144.969651E,1.7,1.7
31.3725,-37.765,144.969651E,2.4,2.4
31.37305556,-37.765,144.969651E,2.4,2.4
31.37333333,-37.765,144.969651E,2.4,2.4
31.37361111,-37.765,144.969651E,2.4,2.4
31.37388889,-37.765,144.969653E,2.4,2.4
31.37416667,-37.765,144.969655E,2.9,2.9
31.37444444,-37.765,144.969655E,2.9,2.9
31.37472222,-37.765,144.969656E,2.9,2.9
31.375,-37.765,144.969658E,2.4,2.4
31.37527778,-37.765,144.969663E,2.4,2.4
31.37555556,-37.765,144.969666E,2.4,2.4
31.37583333,-37.765,144.969670E,2.4,2.4
31.37611111,-37.765,144.969676E,2.4,2.4
31.37638889,-37.765,144.969676E,2.4,2.4
31.37666667,-37.765,144.969678E,2.4,2.4
31.37694444,-37.765,144.969678E,2.4,2.4
31.37722222,-37.765,144.969678E,2.4,2.4
31.3775,-37.765,144.969678E,2.4,2.4
31.38888889,-37.765,144.969679E,2.4,2.4
31.38916667,-37.765,144.969681E,2.9,2.9
31.38944444,-37.765,144.969686E,2.9,2.9
31.38972222,-37.765,144.969684E,2.4,2.4
31.39,-37.765,144.969684E,2.4,2.4
31.39027778,-37.765,144.969686E,2.4,2.4
31.39055556,-37.765,144.969684E,2.4,2.4
31.39083333,-37.765,144.969688E,2.4,2.4
31.39111111,-37.765,144.969688E,2.4,2.4
31.39138889,-37.765,144.969686E,2.4,2.4
31.39166667,-37.765,144.969688E,2.4,2.4
31.39194444,-37.765,144.969691E,1.7,1.7
31.39222222,-37.765,144.969698E,2.4,2.4
31.3925,-37.765,144.969700E,2.4,2.4
31.39277778,-37.765,144.969711E,2.4,2.4
31.39305556,-37.765,144.969715E,2.4,2.4
31.39333333,-37.765,144.969718E,2.4,2.4
31.39361111,-37.765,144.969724E,2.4,2.4
31.39388889,-37.765,144.969729E,2.4,2.4
31.39416667,-37.765,144.969734E,2.4,2.4
31.39444444,-37.765,144.969736E,2.4,2.4
31.39472222,-37.765,144.969743E,2.4,2.4
31.395,-37.765,144.969741E,2.4,2.4
31.39527778,-37.765,144.969745E,1.8,1.8
31.39555556,-37.765,144.969746E,2.4,2.4
31.39583333,-37.765,144.969745E,1.7,1.7
31.39611111,-37.765,144.969743E,1.7,1.7
31.39638889,-37.765,144.969743E,1.7,1.7
31.39666667,-37.765,144.969743E,1.7,1.7
31.39694444,-37.765,144.969746E,1.7,1.7
31.39722222,-37.765,144.969749E,1.7,1.7
31.3975,-37.765,144.969754E,1.7,1.7
31.39777778,-37.765,144.969760E,2.4,2.4
31.39805556,-37.765,144.969764E,2.4,2.4
31.39833333,-37.765,144.969773E,2.4,2.4
31.39861111,-37.765,144.969773E,2.4,2.4
31.39888889,-37.765,144.969764E,1.7,1.7
31.39916667,-37.765,144.969763E,1.7,1.7
31.39944444,-37.765,144.969766E,2.4,2.4
31.39972222,-37.765,144.969769E,2.4,2.4
31.4,-37.765,144.969768E,2.4,2.4
31.40027778,-37.765,144.969763E,1.7,1.7
31.40055556,-37.765,144.969761E,2.4,2.4
31.40083333,-37.765,144.969763E,2.4,2.4
31.40111111,-37.765,144.969766E,2.4,2.4
31.40138889,-37.765,144.969763E,2.4,2.4
31.40166667,-37.765,144.969763E,2.4,2.4
31.40194444,-37.765,144.969764E,2.4,2.4
31.40222222,-37.765,144.969768E,2.4,2.4
31.4025,-37.765,144.969771E,2.4,2.4
31.40277778,-37.765,144.969776E,2.4,2.4
31.40305556,-37.765,144.969779E,2.4,2.4
31.40333333,-37.765,144.969783E,2.4,2.4
31.40361111,-37.765,144.969784E,2.4,2.4
31.40388889,-37.765,144.969786E,2.4,2.4
31.40416667,-37.764,144.969790E,2.4,2.4
31.40444444,-37.764,144.969793E,2.4,2.4
31.40472222,-37.764,144.969794E,2.4,2.4
31.405,-37.764,144.969796E,2.4,2.4
31.40527778,-37.764,144.969799E,2.4,2.4
31.41666667,-37.764,144.969801E,2.4,2.4
31.41694444,-37.764,144.969801E,2.4,2.4
31.41722222,-37.764,144.969799E,2.4,2.4
31.4175,-37.764,144.969801E,2.4,2.4
31.41777778,-37.764,144.969803E,2.4,2.4
31.41805556,-37.764,144.969805E,2.4,2.4
31.41833333,-37.764,144.969806E,2.4,2.4
31.41861111,-37.764,144.969809E,2.4,2.4
31.41888889,-37.764,144.969814E,2.4,2.4
31.41916667,-37.764,144.969818E,2.4,2.4
31.41944444,-37.764,144.969816E,2.4,2.4
31.41972222,-37.764,144.969819E,2.4,2.4
31.42,-37.764,144.969818E,2.4,2.4
31.42027778,-37.764,144.969814E,2.4,2.4
31.42055556,-37.764,144.969814E,2.4,2.4
31.42083333,-37.764,144.969818E,2.4,2.4
31.42111111,-37.764,144.969828E,2.4,2.4
31.42138889,-37.764,144.969831E,2.4,2.4
31.42166667,-37.764,144.969835E,2.4,2.4
31.42194444,-37.764,144.969836E,2.4,2.4
31.42222222,-37.764,144.969838E,2.4,2.4
31.4225,-37.764,144.969844E,2.4,2.4
31.42277778,-37.764,144.969848E,1.7,1.7
31.42305556,-37.764,144.969850E,2.4,2.4
31.42333333,-37.764,144.969848E,2.4,2.4
31.42361111,-37.764,144.969851E,2.4,2.4
31.42388889,-37.764,144.969853E,2.4,2.4
31.42416667,-37.764,144.969854E,2.4,2.4
31.42444444,-37.764,144.969858E,1.7,1.7
31.42472222,-37.764,144.969861E,2.4,2.4
31.425,-37.764,144.969863E,2.4,2.4
31.42527778,-37.764,144.969864E,2.4,2.4
31.42555556,-37.764,144.969864E,2.4,2.4
31.42583333,-37.764,144.969864E,2.4,2.4
31.42611111,-37.764,144.969868E,2.4,2.4
31.42638889,-37.764,144.969870E,2.4,2.4
31.42666667,-37.764,144.969873E,2.4,2.4
31.42694444,-37.764,144.969874E,2.4,2.4
31.42722222,-37.764,144.969874E,2.4,2.4
31.4275,-37.764,144.969874E,2.4,2.4
31.42777778,-37.764,144.969873E,2.4,2.4
31.42805556,-37.764,144.969881E,2.4,2.4
31.42833333,-37.764,144.969883E,1.7,1.7
31.42861111,-37.764,144.969883E,2.4,2.4
31.42888889,-37.764,144.969889E,2.4,2.4
31.42916667,-37.764,144.969893E,2.4,2.4
31.42944444,-37.764,144.969895E,2.4,2.4
31.42972222,-37.764,144.969898E,2.4,2.4
31.43,-37.764,144.969901E,2.4,2.4
31.43027778,-37.764,144.969906E,2.4,2.4
31.43055556,-37.764,144.969915E,1.7,1.7
31.43083333,-37.764,144.969926E,1.7,1.7
31.43111111,-37.764,144.969941E,1.7,1.7
31.43138889,-37.764,144.969954E,1.7,1.7
31.43166667,-37.764,144.969968E,1.7,1.7
31.43194444,-37.764,144.969979E,1.7,1.7
31.43222222,-37.764,144.969993E,1.7,1.7
31.4325,-37.764,144.970003E,1.7,1.7
31.43277778,-37.764,144.970013E,1.7,1.7
31.43305556,-37.764,144.970021E,1.7,1.7
31.44444444,-37.764,144.970026E,1.7,1.7
31.44472222,-37.764,144.970031E,1.7,1.7
31.445,-37.764,144.970036E,1.7,1.7
31.44527778,-37.764,144.970039E,1.7,1.7
31.44555556,-37.764,144.970043E,2.4,2.4
31.44583333,-37.764,144.970045E,2.4,2.4
31.44611111,-37.764,144.970046E,1.7,1.7
31.44638889,-37.764,144.970050E,1.7,1.7
31.44666667,-37.764,144.970053E,2.4,2.4
31.44694444,-37.764,144.970060E,1.7,1.7
31.44722222,-37.764,144.970068E,2.4,2.4
31.4475,-37.764,144.970071E,1.7,1.7
31.44777778,-37.764,144.970079E,2.4,2.4
31.44805556,-37.764,144.970084E,1.7,1.7
31.44833333,-37.764,144.970090E,2.4,2.4
31.44861111,-37.764,144.970090E,2.4,2.4
31.44888889,-37.763,144.970093E,2.4,2.4
31.44916667,-37.763,144.970096E,2.4,2.4
31.44944444,-37.763,144.970099E,1.7,1.7
31.44972222,-37.763,144.970101E,1.7,1.7
31.45,-37.763,144.970099E,1.7,1.7
31.45027778,-37.763,144.970099E,1.7,1.7
31.45055556,-37.763,144.970105E,1.7,1.7
31.45083333,-37.763,144.970103E,2.4,2.4
31.45111111,-37.763,144.970101E,2.4,2.4
31.45138889,-37.763,144.970099E,2.4,2.4
31.45166667,-37.763,144.970099E,2.4,2.4
31.45194444,-37.763,144.970098E,2.4,2.4
31.45222222,-37.763,144.970099E,2.4,2.4
31.4525,-37.763,144.970101E,2.4,2.4
31.45277778,-37.763,144.970101E,2.4,2.4
31.45305556,-37.763,144.970103E,1.7,1.7
31.45333333,-37.763,144.970105E,2.4,2.4
31.45361111,-37.763,144.970106E,2.4,2.4
31.45388889,-37.763,144.970108E,2.4,2.4
31.45416667,-37.763,144.970116E,2.4,2.4
31.45444444,-37.763,144.970121E,2.4,2.4
31.45472222,-37.763,144.970124E,2.4,2.4
31.455,-37.763,144.970128E,2.4,2.4
31.45527778,-37.763,144.970133E,2.4,2.4
31.45555556,-37.763,144.970141E,2.4,2.4
31.45583333,-37.763,144.970143E,1.7,1.7
31.45611111,-37.763,144.970143E,2.4,2.4
31.45638889,-37.763,144.970144E,2.4,2.4
31.45666667,-37.763,144.970146E,2.4,2.4
31.45694444,-37.763,144.970150E,1.7,1.7
31.45722222,-37.763,144.970156E,1.7,1.7
31.4575,-37.763,144.970156E,2.4,2.4
31.45777778,-37.763,144.970154E,2.4,2.4
31.45805556,-37.763,144.970153E,2.4,2.4
31.45833333,-37.763,144.970151E,2.4,2.4
31.45861111,-37.763,144.970153E,2.4,2.4
31.45888889,-37.763,144.970154E,1.7,1.7
31.45916667,-37.763,144.970159E,1.7,1.7
31.45944444,-37.763,144.970165E,1.7,1.7
31.45972222,-37.763,144.970169E,1.7,1.7
31.46,-37.763,144.970173E,1.7,1.7
31.46027778,-37.763,144.970178E,1.7,1.7
31.46055556,-37.763,144.970181E,1.7,1.7
31.46083333,-37.763,144.970181E,1.7,1.7
31.47222222,-37.763,144.970181E,2.4,2.4
31.4725,-37.763,144.970181E,2.4,2.4
31.47277778,-37.763,144.970183E,2.4,2.4
31.47305556,-37.763,144.970185E,1.7,1.7
31.47333333,-37.763,144.970185E,2.4,2.4
31.47361111,-37.763,144.970185E,2.4,2.4
31.47388889,-37.763,144.970186E,2.4,2.4
31.47416667,-37.763,144.970186E,2.4,2.4
31.47444444,-37.763,144.970188E,2.4,2.4
31.47472222,-37.763,144.970191E,2.4,2.4
31.475,-37.763,144.970196E,2.4,2.4
31.47527778,-37.763,144.970199E,2.4,2.4
31.47555556,-37.763,144.970199E,1.7,1.7
31.47583333,-37.763,144.970206E,2.4,2.4
31.47611111,-37.763,144.970211E,1.7,1.7
31.47638889,-37.763,144.970214E,2.4,2.4
31.47666667,-37.763,144.970218E,1.7,1.7
31.47694444,-37.763,144.970219E,2.4,2.4
31.47722222,-37.763,144.970226E,1.7,1.7
31.4775,-37.763,144.970226E,2.4,2.4
31.47777778,-37.763,144.970226E,2.4,2.4
31.47805556,-37.763,144.970228E,2.4,2.4
31.47833333,-37.763,144.970231E,2.4,2.4
31.47861111,-37.763,144.970233E,2.4,2.4
31.47888889,-37.763,144.970234E,2.4,2.4
31.47916667,-37.763,144.970238E,2.4,2.4
31.47944444,-37.763,144.970243E,2.4,2.4
31.47972222,-37.763,144.970246E,2.4,2.4
31.48,-37.763,144.970251E,1.7,1.7
31.48027778,-37.763,144.970253E,2.4,2.4
31.48055556,-37.763,144.970251E,2.4,2.4
31.48083333,-37.763,144.970253E,2.4,2.4
31.48111111,-37.763,144.970253E,1.75,1.75
31.48138889,-37.762,144.970255E,2.4,2.4
31.48166667,-37.762,144.970256E,2.4,2.4
31.48194444,-37.762,144.970258E,2.4,2.4
31.48222222,-37.762,144.970259E,2.4,2.4
31.4825,-37.762,144.970261E,2.4,2.4
31.48277778,-37.762,144.970261E,2.4,2.4
31.48305556,-37.762,144.970263E,2.4,2.4
31.48333333,-37.762,144.970266E,2.4,2.4
31.48361111,-37.762,144.970268E,2.4,2.4
31.48388889,-37.762,144.970266E,2.4,2.4
31.48416667,-37.762,144.970270E,2.4,2.4
31.48444444,-37.762,144.970271E,2.4,2.4
31.48472222,-37.762,144.970273E,2.4,2.4
31.485,-37.762,144.970273E,2.4,2.4
31.48527778,-37.762,144.970276E,2.4,2.4
31.48555556,-37.762,144.970279E,2.4,2.4
31.48583333,-37.762,144.970281E,2.4,2.4
31.48611111,-37.762,144.970279E,2.4,2.4
31.48638889,-37.762,144.970279E,2.4,2.4
31.48666667,-37.762,144.970281E,2.4,2.4
31.48694444,-37.762,144.970285E,2.4,2.4
31.48722222,-37.762,144.970288E,2.4,2.4
31.4875,-37.762,144.970289E,2.4,2.4
31.48777778,-37.762,144.970291E,2.4,2.4
31.48805556,-37.762,144.970293E,2.4,2.4
31.48833333,-37.762,144.970293E,2.4,2.4
31.48861111,-37.762,144.970296E,2.4,2.4
31.5,-37.762,144.970300E,2.4,2.4
31.50027778,-37.762,144.970301E,2.4,2.4
31.50055556,-37.762,144.970300E,2.4,2.4
31.50083333,-37.762,144.970301E,2.4,2.4
31.50111111,-37.762,144.970304E,1.7,1.7
31.50138889,-37.762,144.970306E,2.4,2.4
31.50166667,-37.762,144.970309E,2.4,2.4
31.50194444,-37.762,144.970316E,2.4,2.4
31.50222222,-37.762,144.970321E,1.7,1.7
31.5025,-37.762,144.970326E,2.4,2.4
31.50277778,-37.762,144.970330E,1.7,1.7
31.50305556,-37.762,144.970331E,1.7,1.7
31.50333333,-37.762,144.970331E,1.7,1.7
31.50361111,-37.762,144.970331E,2.4,2.4
31.50388889,-37.762,144.970336E,2.4,2.4
31.50416667,-37.762,144.970353E,2.4,2.4
31.50444444,-37.762,144.970356E,2.4,2.4
31.50472222,-37.762,144.970369E,2.4,2.4
31.505,-37.762,144.970373E,2.4,2.4
31.50527778,-37.762,144.970379E,2.4,2.4
31.50555556,-37.762,144.970381E,2.4,2.4
31.50583333,-37.762,144.970383E,2.4,2.4
31.50611111,-37.762,144.970386E,2.4,2.4
31.50638889,-37.762,144.970390E,2.4,2.4
31.50666667,-37.762,144.970393E,1.7,1.7
31.50694444,-37.762,144.970395E,2.4,2.4
31.50722222,-37.762,144.970396E,2.4,2.4
31.5075,-37.762,144.970396E,2.4,2.4
31.50777778,-37.762,144.970398E,2.4,2.4
31.50805556,-37.762,144.970399E,2.4,2.4
31.50833333,-37.762,144.970399E,2.4,2.4
31.50861111,-37.762,144.970403E,2.4,2.4
31.50888889,-37.762,144.970406E,2.4,2.4
31.50916667,-37.762,144.970408E,2.4,2.4
31.50944444,-37.762,144.970408E,2.4,2.4
31.50972222,-37.762,144.970410E,2.4,2.4
31.51,-37.762,144.970411E,2.4,2.4
31.51027778,-37.762,144.970410E,2.4,2.4
31.51055556,-37.762,144.970411E,2.4,2.4
31.51083333,-37.762,144.970414E,2.4,2.4
31.51111111,-37.762,144.970414E,2.4,2.4
31.51138889,-37.762,144.970416E,2.4,2.4
31.51166667,-37.762,144.970423E,2.4,2.4
31.51194444,-37.762,144.970428E,1.7,1.7
31.51222222,-37.762,144.970429E,1.7,1.7
31.5125,-37.762,144.970426E,2.4,2.4
31.51277778,-37.762,144.970421E,2.4,2.4
31.51305556,-37.762,144.970418E,2.4,2.4
31.51333333,-37.762,144.970418E,2.4,2.4
31.51361111,-37.762,144.970416E,2.4,2.4
31.51388889,-37.762,144.970416E,2.4,2.4
31.51416667,-37.762,144.970414E,2.4,2.4
31.51444444,-37.761,144.970414E,2.4,2.4
31.51472222,-37.761,144.970413E,2.4,2.4
31.515,-37.761,144.970411E,2.4,2.4
31.51527778,-37.761,144.970408E,2.4,2.4
31.51555556,-37.761,144.970408E,2.4,2.4
31.51583333,-37.761,144.970408E,2.4,2.4
31.51611111,-37.761,144.970410E,2.4,2.4
31.51638889,-37.761,144.970411E,2.4,2.4
31.52777778,-37.761,144.970414E,2.4,2.4
31.52805556,-37.761,144.970420E,2.4,2.4
31.52833333,-37.761,144.970421E,1.7,1.7
31.52861111,-37.761,144.970423E,2.4,2.4
31.52888889,-37.761,144.970423E,2.4,2.4
31.52916667,-37.761,144.970426E,2.4,2.4
31.52944444,-37.761,144.970429E,2.4,2.4
31.52972222,-37.761,144.970431E,2.4,2.4
31.53,-37.761,144.970433E,2.4,2.4
31.53027778,-37.761,144.970433E,2.4,2.4
31.53055556,-37.761,144.970436E,1.7,1.7
31.53083333,-37.761,144.970433E,1.7,1.7
31.53111111,-37.761,144.970424E,1.7,1.7
31.53138889,-37.761,144.970416E,1.7,1.7
31.53166667,-37.761,144.970406E,1.7,1.7
31.53194444,-37.761,144.970398E,1.7,1.7
31.53222222,-37.761,144.970391E,1.7,1.7
31.5325,-37.761,144.970379E,1.7,1.7
31.53277778,-37.761,144.970366E,1.7,1.7
31.53305556,-37.761,144.970351E,1.7,1.7
31.53333333,-37.761,144.970338E,1.7,1.7
31.53361111,-37.761,144.970321E,1.7,1.7
31.53388889,-37.761,144.970306E,1.7,1.7
31.53416667,-37.761,144.970293E,1.7,1.7
31.53444444,-37.761,144.970278E,1.7,1.7
31.53472222,-37.761,144.970268E,1.7,1.7
31.535,-37.761,144.970258E,1.7,1.7
31.53527778,-37.761,144.970243E,1.7,1.7
31.53555556,-37.761,144.970230E,1.7,1.7
31.53583333,-37.761,144.970213E,1.7,1.7
31.53611111,-37.761,144.970196E,1.7,1.7
31.53638889,-37.761,144.970181E,1.7,1.7
31.53666667,-37.761,144.970168E,1.7,1.7
31.53694444,-37.761,144.970154E,1.7,1.7
31.53722222,-37.761,144.970140E,1.7,1.7
31.5375,-37.761,144.970118E,1.7,1.7
31.53805556,-37.761,144.970088E,1.7,1.7
31.53833333,-37.761,144.970075E,1.7,1.7
31.53861111,-37.761,144.970056E,1.7,1.7
31.53888889,-37.761,144.970041E,1.7,1.7
31.53916667,-37.761,144.970028E,1.7,1.7
31.53944444,-37.761,144.970015E,1.7,1.7
31.53972222,-37.761,144.970003E,1.7,1.7
31.54,-37.761,144.969986E,1.7,1.7
31.54027778,-37.761,144.969966E,1.7,1.7
31.54055556,-37.761,144.969949E,1.7,1.7
31.54083333,-37.761,144.969918E,1.7,1.7
31.54111111,-37.761,144.969901E,1.7,1.7
31.54138889,-37.761,144.969884E,1.7,1.7
31.54166667,-37.761,144.969870E,1.7,1.7
31.54194444,-37.761,144.969856E,1.7,1.7
31.54222222,-37.761,144.969843E,1.7,1.7
31.5425,-37.761,144.969831E,1.7,1.7
31.54277778,-37.761,144.969821E,1.7,1.7
31.54305556,-37.761,144.969796E,1.7,1.7
31.54333333,-37.761,144.969781E,1.7,1.7
31.54361111,-37.761,144.969763E,1.7,1.7
31.54388889,-37.761,144.969741E,1.7,1.7
31.54416667,-37.761,144.969719E,1.7,1.7
31.55555556,-37.761,144.969701E,1.7,1.7
31.55583333,-37.761,144.969688E,1.7,1.7
31.55611111,-37.761,144.969671E,1.7,1.7
31.55638889,-37.761,144.969655E,1.6,1.6
31.55666667,-37.761,144.969639E,1.7,1.7
31.55694444,-37.761,144.969625E,1.7,1.7
31.55722222,-37.761,144.969611E,1.7,1.7
31.5575,-37.761,144.969598E,1.6,1.6
31.55777778,-37.761,144.969586E,1.7,1.7
31.55805556,-37.761,144.969569E,1.6,1.6
31.55833333,-37.761,144.969553E,1.6,1.6
31.55861111,-37.761,144.969536E,1.7,1.7
31.55888889,-37.761,144.969521E,1.6,1.6
31.55916667,-37.761,144.969504E,1.6,1.6
31.55944444,-37.761,144.969493E,1.7,1.7
31.55972222,-37.761,144.969481E,1.6,1.6
31.56,-37.761,144.969468E,1.6,1.6
31.56027778,-37.761,144.969446E,1.6,1.6
31.56055556,-37.761,144.969433E,1.6,1.6
31.56083333,-37.761,144.969414E,1.6,1.6
31.56111111,-37.761,144.969400E,1.6,1.6
31.56138889,-37.761,144.969378E,1.6,1.6
31.56166667,-37.761,144.969356E,1.6,1.6
31.56194444,-37.761,144.969336E,1.6,1.6
31.56222222,-37.761,144.969314E,1.6,1.6
31.5625,-37.761,144.969298E,1.6,1.6
31.56277778,-37.761,144.969281E,1.6,1.6
31.56305556,-37.761,144.969263E,1.6,1.6
31.56333333,-37.761,144.969243E,1.6,1.6
31.56361111,-37.761,144.969226E,1.6,1.6
31.56388889,-37.761,144.969208E,1.6,1.6
31.56416667,-37.761,144.969191E,1.6,1.6
31.56444444,-37.761,144.969175E,1.6,1.6
31.56472222,-37.761,144.969159E,1.6,1.6
31.565,-37.761,144.969144E,1.6,1.6
31.56527778,-37.761,144.969131E,1.6,1.6
31.56555556,-37.761,144.969121E,1.6,1.6
31.56583333,-37.761,144.969110E,1.8,1.8
31.56611111,-37.761,144.969098E,1.6,1.6
31.56638889,-37.761,144.969093E,1.6,1.6
31.56666667,-37.761,144.969089E,1.6,1.6
31.56694444,-37.761,144.969086E,1.6,1.6
31.56722222,-37.761,144.969085E,1.6,1.6
31.5675,-37.761,144.969083E,1.6,1.6
31.56777778,-37.761,144.969086E,1.6,1.6
31.56805556,-37.761,144.969091E,1.6,1.6
31.56833333,-37.761,144.969091E,1.6,1.6
31.56861111,-37.761,144.969093E,1.6,1.6
31.56888889,-37.761,144.969091E,1.6,1.6
31.56916667,-37.761,144.969091E,1.6,1.6
31.56944444,-37.761,144.969089E,1.6,1.6
31.56972222,-37.761,144.969096E,1.6,1.6
31.57,-37.761,144.969098E,1.6,1.6
31.57027778,-37.761,144.969093E,1.6,1.6
31.57055556,-37.761,144.969085E,1.6,1.6
31.57083333,-37.761,144.969088E,1.6,1.6
31.57111111,-37.761,144.969086E,1.6,1.6
31.57138889,-37.761,144.969085E,1.6,1.6
31.57166667,-37.761,144.969068E,1.6,1.6
31.57194444,-37.761,144.969061E,1.6,1.6
31.58333333,-37.761,144.969058E,1.6,1.6
31.58361111,-37.761,144.969051E,1.6,1.6
31.58388889,-37.761,144.969050E,1.6,1.6
31.58416667,-37.761,144.969044E,1.6,1.6
31.58444444,-37.761,144.969041E,1.6,1.6
31.58472222,-37.761,144.969036E,1.6,1.6
31.585,-37.761,144.969033E,1.6,1.6
31.58527778,-37.761,144.969033E,1.6,1.6
31.58555556,-37.761,144.969031E,1.6,1.6
31.58583333,-37.761,144.969028E,1.6,1.6
31.58611111,-37.761,144.969024E,1.6,1.6
31.58638889,-37.762,144.969024E,1.6,1.6
31.58666667,-37.762,144.969024E,1.6,1.6
31.58694444,-37.762,144.969023E,1.6,1.6
31.58722222,-37.762,144.969024E,1.6,1.6
31.5875,-37.762,144.969024E,1.6,1.6
31.58777778,-37.762,144.969021E,1.6,1.6
31.58805556,-37.762,144.969020E,1.6,1.6
31.58833333,-37.762,144.969014E,1.6,1.6
31.58861111,-37.762,144.969014E,1.6,1.6
31.58888889,-37.762,144.969013E,1.6,1.6
31.58916667,-37.762,144.969008E,1.6,1.6
31.58944444,-37.762,144.969013E,1.6,1.6
31.58972222,-37.762,144.969021E,1.6,1.6
31.59,-37.762,144.969024E,1.6,1.6
31.59027778,-37.762,144.969028E,1.6,1.6
31.59055556,-37.762,144.969028E,1.6,1.6
31.59083333,-37.762,144.969026E,1.6,1.6
31.59111111,-37.762,144.969021E,1.6,1.6
31.59138889,-37.762,144.969016E,1.6,1.6
31.59166667,-37.762,144.969011E,1.6,1.6
31.59194444,-37.762,144.969003E,1.6,1.6
31.59222222,-37.762,144.968989E,1.6,1.6
31.5925,-37.762,144.968986E,1.6,1.6
31.59277778,-37.762,144.968979E,1.6,1.6
31.59305556,-37.762,144.968978E,1.6,1.6
31.59333333,-37.762,144.968976E,1.6,1.6
31.59361111,-37.762,144.968973E,1.6,1.6
31.59388889,-37.762,144.968964E,1.6,1.6
31.59416667,-37.762,144.968966E,1.6,1.6
31.59444444,-37.762,144.968963E,1.6,1.6
31.59472222,-37.762,144.968960E,1.6,1.6
31.595,-37.762,144.968963E,1.6,1.6
31.59527778,-37.762,144.968961E,1.6,1.6
31.59555556,-37.762,144.968960E,1.6,1.6
31.59583333,-37.762,144.968960E,1.6,1.6
31.59611111,-37.762,144.968960E,1.6,1.6
31.59638889,-37.762,144.968950E,1.6,1.6
31.59666667,-37.762,144.968943E,1.6,1.6
31.59694444,-37.762,144.968934E,1.6,1.6
31.59722222,-37.762,144.968924E,1.6,1.6
31.5975,-37.762,144.968921E,1.6,1.6
31.59777778,-37.762,144.968918E,1.6,1.6
31.59805556,-37.762,144.968930E,1.6,1.6
31.59833333,-37.762,144.968931E,1.6,1.6
31.59861111,-37.762,144.968926E,1.6,1.6
31.59888889,-37.762,144.968921E,1.6,1.6
31.59916667,-37.762,144.968918E,1.6,1.6
31.59944444,-37.762,144.968916E,1.6,1.6
31.59972222,-37.762,144.968913E,1.6,1.6
31.61111111,-37.762,144.968911E,1.6,1.6
31.61138889,-37.762,144.968905E,1.6,1.6
31.61166667,-37.762,144.968893E,1.6,1.6
31.61194444,-37.762,144.968886E,1.6,1.6
31.61222222,-37.762,144.968881E,1.6,1.6
31.6125,-37.762,144.968878E,1.6,1.6
31.61277778,-37.762,144.968870E,1.6,1.6
31.61305556,-37.762,144.968864E,1.6,1.6
31.61333333,-37.762,144.968860E,1.6,1.6
31.61361111,-37.762,144.968858E,1.6,1.6
31.61388889,-37.762,144.968849E,1.6,1.6
31.61416667,-37.762,144.968838E,1.6,1.6
31.61444444,-37.762,144.968826E,1.6,1.6
31.61472222,-37.762,144.968821E,1.6,1.6
31.615,-37.762,144.968816E,1.6,1.6
31.61527778,-37.762,144.968811E,1.6,1.6
31.61555556,-37.762,144.968808E,1.6,1.6
31.61583333,-37.762,144.968803E,1.6,1.6
31.61611111,-37.762,144.968796E,1.6,1.6
31.61638889,-37.762,144.968793E,1.6,1.6
31.61666667,-37.762,144.968788E,1.6,1.6
31.61694444,-37.762,144.968784E,1.6,1.6
31.61722222,-37.762,144.968784E,1.6,1.6
31.6175,-37.762,144.968784E,1.6,1.6
31.61777778,-37.762,144.968788E,1.6,1.6
31.61805556,-37.762,144.968789E,1.6,1.6
31.61833333,-37.762,144.968789E,1.6,1.6
31.61861111,-37.762,144.968788E,1.6,1.6
31.61888889,-37.762,144.968786E,1.6,1.6
31.61916667,-37.762,144.968786E,1.6,1.6
31.61944444,-37.763,144.968783E,1.6,1.6
31.61972222,-37.763,144.968783E,1.6,1.6
31.62,-37.763,144.968786E,1.6,1.6
31.62027778,-37.763,144.968784E,1.8,1.8
31.62055556,-37.763,144.968784E,1.6,1.6
31.62083333,-37.763,144.968786E,1.8,1.8
31.62111111,-37.763,144.968791E,1.6,1.6
31.62138889,-37.763,144.968795E,1.6,1.6
31.62166667,-37.763,144.968796E,1.6,1.6
31.62194444,-37.763,144.968795E,1.6,1.6
31.62222222,-37.763,144.968791E,1.6,1.6
31.62305556,-37.763,144.968756E,1.6,1.6
31.62333333,-37.763,144.968750E,1.6,1.6
31.62361111,-37.763,144.968744E,1.6,1.6
31.62388889,-37.763,144.968738E,1.6,1.6
31.62416667,-37.763,144.968731E,1.6,1.6
31.62444444,-37.763,144.968726E,1.6,1.6
31.62472222,-37.763,144.968723E,1.6,1.6
31.625,-37.763,144.968721E,1.6,1.6
31.62527778,-37.763,144.968719E,1.6,1.6
31.62555556,-37.763,144.968719E,1.6,1.6
31.62583333,-37.763,144.968719E,1.6,1.6
31.62611111,-37.763,144.968718E,1.6,1.6
31.62638889,-37.763,144.968714E,1.6,1.6
31.62666667,-37.763,144.968716E,1.6,1.6
31.62694444,-37.763,144.968716E,1.6,1.6
31.62722222,-37.763,144.968716E,1.6,1.6
31.6275,-37.763,144.968714E,1.6,1.6
31.63888889,-37.763,144.968714E,2.3,2.3
31.63916667,-37.763,144.968711E,1.6,1.6
31.63944444,-37.763,144.968708E,1.6,1.6
31.63972222,-37.763,144.968708E,1.6,1.6
31.64,-37.763,144.968709E,1.6,1.6
31.64027778,-37.763,144.968711E,1.6,1.6
31.64055556,-37.763,144.968709E,1.6,1.6
31.64083333,-37.763,144.968708E,1.6,1.6
31.64111111,-37.763,144.968706E,1.6,1.6
31.64138889,-37.763,144.968706E,1.6,1.6
31.64166667,-37.763,144.968703E,1.6,1.6
31.64194444,-37.763,144.968706E,1.6,1.6
31.64222222,-37.763,144.968708E,1.6,1.6
31.6425,-37.763,144.968709E,1.6,1.6
31.64277778,-37.763,144.968718E,1.6,1.6
31.64305556,-37.763,144.968721E,1.6,1.6
31.64333333,-37.763,144.968724E,1.6,1.6
31.64361111,-37.763,144.968726E,1.6,1.6
31.64388889,-37.763,144.968729E,1.6,1.6
31.64416667,-37.763,144.968731E,1.6,1.6
31.64444444,-37.763,144.968739E,1.6,1.6
31.64472222,-37.763,144.968744E,1.6,1.6
31.645,-37.763,144.968746E,1.6,1.6
31.64527778,-37.763,144.968746E,1.6,1.6
31.64555556,-37.763,144.968751E,1.6,1.6
31.64583333,-37.763,144.968713E,1.6,1.6
31.64611111,-37.763,144.968678E,1.6,1.6
31.64638889,-37.763,144.968671E,1.6,1.6
31.64666667,-37.763,144.968668E,1.6,1.6
31.64694444,-37.763,144.968666E,1.6,1.6
31.64722222,-37.763,144.968654E,1.6,1.6
31.6475,-37.763,144.968654E,1.6,1.6
31.64777778,-37.763,144.968648E,1.6,1.6
31.64805556,-37.763,144.968649E,1.6,1.6
31.64833333,-37.763,144.968654E,1.75,1.75
31.64861111,-37.763,144.968643E,1.6,1.6
31.64888889,-37.763,144.968638E,1.6,1.6
31.64916667,-37.763,144.968640E,1.6,1.6
31.64944444,-37.763,144.968643E,1.6,1.6
31.64972222,-37.763,144.968634E,1.6,1.6
31.65,-37.763,144.968638E,1.6,1.6
31.65027778,-37.763,144.968634E,1.6,1.6
31.65055556,-37.763,144.968625E,1.6,1.6
31.65083333,-37.763,144.968625E,1.6,1.6
31.65111111,-37.763,144.968625E,1.6,1.6
31.65138889,-37.763,144.968628E,1.6,1.6
31.65166667,-37.763,144.968625E,1.6,1.6
31.65194444,-37.763,144.968619E,1.6,1.6
31.65222222,-37.763,144.968596E,1.6,1.6
31.6525,-37.763,144.968584E,1.6,1.6
31.65277778,-37.763,144.968581E,1.6,1.6
31.65305556,-37.764,144.968570E,1.6,1.6
31.65333333,-37.764,144.968561E,1.6,1.6
31.65361111,-37.764,144.968551E,1.6,1.6
31.65388889,-37.764,144.968543E,1.6,1.6
31.65416667,-37.764,144.968533E,1.6,1.6
31.65444444,-37.764,144.968521E,1.6,1.6
31.65472222,-37.764,144.968520E,1.6,1.6
31.655,-37.764,144.968510E,1.6,1.6
31.65527778,-37.764,144.968499E,1.6,1.6
31.66666667,-37.764,144.968484E,1.6,1.6
31.66694444,-37.764,144.968476E,1.6,1.6
31.66722222,-37.764,144.968460E,1.6,1.6
31.6675,-37.764,144.968438E,1.6,1.6
31.66777778,-37.764,144.968420E,2.3,2.3
31.66805556,-37.764,144.968409E,1.6,1.6
31.66833333,-37.764,144.968394E,1.6,1.6
31.66861111,-37.764,144.968386E,1.6,1.6
31.66888889,-37.764,144.968376E,1.6,1.6
31.66916667,-37.764,144.968364E,1.6,1.6
31.66944444,-37.764,144.968353E,1.6,1.6
31.66972222,-37.764,144.968345E,1.6,1.6
31.67,-37.764,144.968331E,1.6,1.6
31.67027778,-37.764,144.968316E,1.6,1.6
31.67055556,-37.764,144.968300E,1.6,1.6
31.67083333,-37.764,144.968283E,1.6,1.6
31.67111111,-37.764,144.968263E,1.6,1.6
31.67138889,-37.764,144.968246E,1.6,1.6
31.67166667,-37.764,144.968229E,1.6,1.6
31.67194444,-37.764,144.968213E,1.6,1.6
31.67222222,-37.764,144.968199E,1.6,1.6
31.6725,-37.764,144.968184E,1.6,1.6
31.67277778,-37.764,144.968171E,1.6,1.6
31.67305556,-37.764,144.968154E,1.6,1.6
31.67333333,-37.764,144.968136E,1.6,1.6
31.67361111,-37.764,144.968124E,1.6,1.6
31.67388889,-37.764,144.968111E,1.6,1.6
31.67416667,-37.764,144.968101E,1.6,1.6
31.67444444,-37.764,144.968116E,1.6,1.6
31.67472222,-37.764,144.968156E,1.6,1.6
31.675,-37.764,144.968158E,1.6,1.6
31.67527778,-37.764,144.968165E,1.6,1.6
31.67555556,-37.764,144.968175E,1.6,1.6
31.67583333,-37.764,144.968188E,1.6,1.6
31.67611111,-37.764,144.968194E,1.6,1.6
31.67638889,-37.764,144.968198E,1.6,1.6
31.67666667,-37.764,144.968199E,1.6,1.6
31.67694444,-37.764,144.968211E,1.6,1.6
31.67722222,-37.764,144.968233E,1.6,1.6
31.6775,-37.764,144.968236E,1.6,1.6
31.67777778,-37.764,144.968241E,1.6,1.6
31.67805556,-37.764,144.968203E,1.6,1.6
31.67833333,-37.764,144.968183E,1.6,1.6
31.67861111,-37.764,144.968175E,1.6,1.6
31.67888889,-37.764,144.968136E,1.6,1.6
31.67916667,-37.764,144.968103E,1.6,1.6
31.67944444,-37.764,144.968089E,1.6,1.6
31.67972222,-37.764,144.968085E,1.6,1.6
31.68,-37.764,144.968075E,1.6,1.6
31.68027778,-37.764,144.968058E,1.6,1.6
31.68055556,-37.764,144.968044E,1.6,1.6
31.68083333,-37.764,144.968031E,1.6,1.6
31.68111111,-37.764,144.968025E,1.6,1.6
31.68138889,-37.764,144.968014E,1.6,1.6
31.68166667,-37.764,144.968010E,1.6,1.6
31.68194444,-37.764,144.967973E,1.6,1.6
31.68222222,-37.764,144.967953E,1.6,1.6
31.6825,-37.764,144.967948E,1.6,1.6
31.68277778,-37.764,144.967948E,1.6,1.6
31.68305556,-37.764,144.967950E,1.6,1.6
31.69444444,-37.764,144.967958E,1.6,1.6
31.69472222,-37.764,144.967953E,1.6,1.6
31.695,-37.764,144.967951E,1.6,1.6
31.69527778,-37.764,144.967936E,1.6,1.6
31.69555556,-37.764,144.967920E,1.6,1.6
31.69583333,-37.764,144.967918E,1.6,1.6
31.69611111,-37.764,144.967914E,1.6,1.6
31.69638889,-37.764,144.967909E,1.6,1.6
31.69666667,-37.764,144.967905E,1.6,1.6
31.69694444,-37.764,144.967905E,1.6,1.6
31.69722222,-37.764,144.967908E,1.6,1.6
31.6975,-37.764,144.967909E,1.6,1.6
31.69777778,-37.764,144.967906E,1.6,1.6
31.69805556,-37.764,144.967905E,1.6,1.6
31.69833333,-37.764,144.967905E,1.6,1.6
31.69861111,-37.764,144.967903E,1.6,1.6
31.69888889,-37.764,144.967905E,1.6,1.6
31.69916667,-37.764,144.967905E,1.8,1.8
31.69944444,-37.764,144.967905E,1.6,1.6
31.69972222,-37.764,144.967905E,1.8,1.8
31.7,-37.764,144.967903E,1.6,1.6
31.70027778,-37.764,144.967901E,1.6,1.6
31.70055556,-37.764,144.967896E,1.6,1.6
31.70083333,-37.764,144.967893E,1.6,1.6
31.70111111,-37.764,144.967889E,1.6,1.6
31.70138889,-37.764,144.967884E,1.6,1.6
31.70166667,-37.764,144.967879E,1.6,1.6
31.70222222,-37.764,144.967869E,1.6,1.6
31.7025,-37.764,144.967864E,1.6,1.6
31.70277778,-37.764,144.967861E,1.6,1.6
31.70305556,-37.764,144.967860E,1.6,1.6
31.70333333,-37.764,144.967858E,1.6,1.6
31.70361111,-37.764,144.967854E,1.6,1.6
31.70388889,-37.764,144.967850E,1.6,1.6
31.70416667,-37.764,144.967844E,1.6,1.6
31.70444444,-37.764,144.967839E,1.6,1.6
31.70472222,-37.764,144.967836E,1.6,1.6
31.705,-37.764,144.967828E,1.6,1.6
31.70527778,-37.764,144.967821E,1.6,1.6
31.70555556,-37.764,144.967818E,1.6,1.6
31.70583333,-37.764,144.967818E,1.8,1.8
31.70611111,-37.764,144.967818E,1.8,1.8
31.70638889,-37.764,144.967813E,2.25,2.25
31.70666667,-37.765,144.967813E,1.8,1.8
31.70694444,-37.765,144.967808E,1.6,1.6
31.70722222,-37.765,144.967804E,1.6,1.6
31.7075,-37.765,144.967801E,1.6,1.6
31.70777778,-37.765,144.967796E,1.6,1.6
31.70805556,-37.765,144.967796E,1.6,1.6
31.70833333,-37.765,144.967794E,1.6,1.6
31.70861111,-37.765,144.967793E,1.6,1.6
31.70888889,-37.765,144.967786E,1.6,1.6
31.70916667,-37.765,144.967783E,1.6,1.6
31.70944444,-37.765,144.967783E,1.8,1.8
31.70972222,-37.765,144.967779E,1.6,1.6
31.71,-37.765,144.967778E,1.8,1.8
31.71027778,-37.765,144.967779E,1.8,1.8
31.71055556,-37.765,144.967781E,1.6,1.6
31.71083333,-37.765,144.967783E,1.6,1.6
31.72222222,-37.765,144.967785E,1.8,1.8
31.7225,-37.765,144.967786E,1.6,1.6
31.72277778,-37.765,144.967789E,1.6,1.6
31.72305556,-37.765,144.967788E,1.6,1.6
31.72333333,-37.765,144.967781E,1.6,1.6
31.72361111,-37.765,144.967779E,1.6,1.6
31.72388889,-37.765,144.967779E,1.6,1.6
31.72416667,-37.765,144.967778E,1.6,1.6
31.72444444,-37.765,144.967770E,1.6,1.6
31.72472222,-37.765,144.967759E,1.8,1.8
31.725,-37.765,144.967758E,1.6,1.6
31.72527778,-37.765,144.967756E,1.6,1.6
31.72555556,-37.765,144.967754E,1.6,1.6
31.72583333,-37.765,144.967756E,1.8,1.8
31.72611111,-37.765,144.967756E,1.8,1.8
31.72638889,-37.765,144.967756E,1.8,1.8
31.72666667,-37.765,144.967754E,1.8,1.8
31.72694444,-37.765,144.967751E,1.6,1.6
31.72722222,-37.765,144.967748E,1.6,1.6
31.7275,-37.765,144.967748E,1.6,1.6
31.72777778,-37.765,144.967749E,1.6,1.6
31.72805556,-37.765,144.967748E,1.6,1.6
31.72833333,-37.765,144.967746E,1.6,1.6
31.72861111,-37.765,144.967743E,1.8,1.8
31.72888889,-37.765,144.967736E,1.8,1.8
31.72916667,-37.765,144.967734E,1.8,1.8
31.72944444,-37.765,144.967731E,1.8,1.8
31.72972222,-37.765,144.967728E,1.6,1.6
31.73,-37.765,144.967725E,1.8,1.8
31.73027778,-37.765,144.967721E,1.6,1.6
31.73055556,-37.765,144.967718E,1.8,1.8
31.73083333,-37.765,144.967713E,1.8,1.8
31.73111111,-37.765,144.967706E,1.8,1.8
31.73138889,-37.765,144.967704E,1.6,1.6
31.73166667,-37.765,144.967706E,1.8,1.8
31.73194444,-37.765,144.967706E,1.65,1.65
31.73222222,-37.765,144.967706E,1.6,1.6
31.7325,-37.765,144.967698E,1.6,1.6
31.73277778,-37.765,144.967691E,1.6,1.6
31.73305556,-37.765,144.967688E,1.6,1.6
31.73333333,-37.765,144.967688E,1.8,1.8
31.73361111,-37.765,144.967686E,1.6,1.6
31.73388889,-37.765,144.967686E,1.6,1.6
31.73416667,-37.765,144.967688E,1.6,1.6
31.73444444,-37.765,144.967688E,1.6,1.6
31.73472222,-37.765,144.967681E,1.6,1.6
31.735,-37.765,144.967678E,1.6,1.6
31.73527778,-37.765,144.967669E,1.6,1.6
31.73555556,-37.765,144.967660E,1.6,1.6
31.73583333,-37.765,144.967654E,1.6,1.6
31.73611111,-37.765,144.967651E,1.6,1.6
31.73638889,-37.765,144.967650E,1.6,1.6
31.73666667,-37.765,144.967651E,1.6,1.6
31.73694444,-37.765,144.967654E,1.6,1.6
31.73722222,-37.765,144.967656E,1.6,1.6
31.7375,-37.765,144.967660E,1.6,1.6
31.73777778,-37.765,144.967673E,1.6,1.6
31.73805556,-37.765,144.967691E,1.6,1.6
31.73833333,-37.765,144.967706E,1.6,1.6
31.73861111,-37.765,144.967723E,1.6,1.6
31.75,-37.765,144.967740E,1.6,1.6
31.75027778,-37.765,144.967754E,1.6,1.6
31.75055556,-37.765,144.967770E,1.6,1.6
31.75083333,-37.765,144.967796E,1.6,1.6
31.75111111,-37.765,144.967816E,1.6,1.6
31.75138889,-37.765,144.967833E,1.6,1.6
31.75166667,-37.765,144.967848E,1.6,1.6
31.75194444,-37.765,144.967860E,1.6,1.6
31.75222222,-37.765,144.967873E,1.6,1.6
31.7525,-37.765,144.967891E,1.6,1.6
31.75277778,-37.765,144.967909E,1.6,1.6
31.75305556,-37.765,144.967926E,1.6,1.6
31.75333333,-37.765,144.967941E,1.6,1.6
31.75361111,-37.765,144.967958E,1.6,1.6
31.75388889,-37.765,144.967974E,1.6,1.6
31.75416667,-37.765,144.967991E,1.6,1.6
31.75444444,-37.765,144.968008E,1.6,1.6
31.75472222,-37.765,144.968026E,1.6,1.6
31.755,-37.765,144.968043E,1.6,1.6
31.75527778,-37.765,144.968061E,1.6,1.6
31.75555556,-37.765,144.968078E,1.6,1.6
31.75583333,-37.765,144.968093E,1.6,1.6
31.75611111,-37.766,144.968108E,1.6,1.6
31.75638889,-37.766,144.968126E,1.6,1.6
31.75666667,-37.766,144.968143E,1.6,1.6
31.75694444,-37.766,144.968160E,1.6,1.6
31.75722222,-37.766,144.968176E,1.6,1.6
31.7575,-37.766,144.968193E,1.6,1.6
31.75777778,-37.766,144.968206E,1.6,1.6
31.75805556,-37.766,144.968220E,1.6,1.6
31.75833333,-37.766,144.968233E,1.6,1.6
31.75861111,-37.766,144.968250E,1.6,1.6
31.75888889,-37.766,144.968265E,1.6,1.6
31.75916667,-37.766,144.968280E,1.6,1.6
31.75944444,-37.766,144.968298E,1.6,1.6
31.75972222,-37.766,144.968313E,1.6,1.6
31.76,-37.766,144.968328E,1.6,1.6
31.76027778,-37.766,144.968345E,1.6,1.6
31.76055556,-37.766,144.968361E,1.6,1.6
31.76083333,-37.766,144.968376E,1.6,1.6
31.76111111,-37.766,144.968393E,1.6,1.6
31.76138889,-37.766,144.968406E,1.6,1.6
31.76166667,-37.766,144.968420E,1.6,1.6
31.76194444,-37.766,144.968438E,1.6,1.6
31.76222222,-37.766,144.968451E,1.6,1.6
31.7625,-37.766,144.968469E,1.6,1.6
31.76277778,-37.766,144.968483E,1.6,1.6
31.76305556,-37.766,144.968499E,1.6,1.6
31.76333333,-37.766,144.968518E,1.6,1.6
31.76361111,-37.766,144.968538E,1.6,1.6
31.76388889,-37.766,144.968556E,1.6,1.6
31.76416667,-37.766,144.968578E,1.6,1.6
31.76444444,-37.766,144.968596E,1.6,1.6
31.76472222,-37.766,144.968613E,1.6,1.6
31.765,-37.766,144.968628E,1.6,1.6
31.76527778,-37.766,144.968646E,1.6,1.6
31.76555556,-37.766,144.968664E,1.6,1.6
31.76583333,-37.766,144.968684E,1.6,1.6
31.76611111,-37.766,144.968705E,1.6,1.6
31.76638889,-37.766,144.968721E,1.6,1.6
31.77777778,-37.766,144.968738E,1.6,1.6
31.77805556,-37.766,144.968759E,1.6,1.6
31.77833333,-37.766,144.968773E,1.6,1.6
31.77861111,-37.766,144.968788E,1.6,1.6
31.77888889,-37.766,144.968803E,1.6,1.6
31.77916667,-37.766,144.968825E,1.6,1.6
31.77944444,-37.766,144.968841E,1.6,1.6
31.77972222,-37.766,144.968861E,1.6,1.6
31.78,-37.766,144.968879E,1.6,1.6
31.78027778,-37.766,144.968891E,1.6,1.6
31.78055556,-37.766,144.968909E,1.6,1.6
31.78083333,-37.766,144.968926E,1.6,1.6
31.78111111,-37.766,144.968941E,1.6,1.6
31.78138889,-37.766,144.968956E,1.6,1.6
31.78166667,-37.766,144.968968E,1.6,1.6
31.78194444,-37.766,144.968983E,1.6,1.6
31.78222222,-37.766,144.968999E,1.6,1.6
31.7825,-37.766,144.969016E,1.6,1.6
31.78277778,-37.766,144.969029E,1.6,1.6
31.78305556,-37.766,144.969043E,1.6,1.6
31.78333333,-37.766,144.969058E,1.6,1.6
31.78361111,-37.766,144.969078E,1.6,1.6
31.78388889,-37.766,144.969095E,1.6,1.6
31.78416667,-37.766,144.969110E,1.6,1.6
31.78444444,-37.766,144.969123E,1.6,1.6
31.78472222,-37.766,144.969140E,1.6,1.6
31.785,-37.766,144.969155E,1.6,1.6
31.78527778,-37.766,144.969168E,1.6,1.6
31.78555556,-37.766,144.969185E,1.6,1.6
31.78583333,-37.766,144.969194E,1.6,1.6
31.78611111,-37.766,144.969204E,1.6,1.6
31.78638889,-37.766,144.969215E,1.6,1.6
31.78666667,-37.766,144.969224E,1.6,1.6
31.78694444,-37.766,144.969236E,1.6,1.6
31.78722222,-37.766,144.969251E,1.6,1.6
31.7875,-37.766,144.969265E,1.6,1.6
31.78777778,-37.766,144.969278E,1.6,1.6
31.78805556,-37.766,144.969296E,1.6,1.6
31.78833333,-37.766,144.969310E,1.6,1.6
31.78861111,-37.766,144.969326E,1.6,1.6
31.78888889,-37.766,144.969338E,1.6,1.6
31.78916667,-37.766,144.969358E,1.6,1.6
31.78944444,-37.766,144.969374E,1.6,1.6
31.79027778,-37.766,144.969426E,1.6,1.6
